custom_id,model_name,reasoning_model,bug_report_title,bug_report_description,affected_item,reasoning_judge,match
question___82191d7a-17bc-463c-8595-aadf7774f3d8,qwen/qwen-vl-max,"The image appears to be from a video game with a dark, nighttime setting. The character in the foreground is holding an object that seems to be a part of the environment, but the lighting and shadows do not align with the rest of the scene, suggesting a potential graphical glitch.",Misaligned Lighting and Shadows on Character,"The character in the foreground is holding an object that appears to be part of the environment. However, the lighting and shadows on the character and the object do not match the rest of the scene. This inconsistency in lighting and shadows can disrupt the immersion and visual coherence of the game.",Character,Ground truth bug: visual positioning issue of a dead animal being carried (placement/attachment incorrect). Generated bug: lighting and shadow mismatch on character and held object; no mention of incorrect positioning of the animal or dead animal context. The two reports describe different issues.,False
question___67648933-8ff7-4cc5-9d95-311887b91f6a,qwen/qwen-vl-max,"The image appears to be from a first-person shooter game with a rural setting. The environment and objects look mostly realistic, but there is a noticeable issue with the text overlay on the top right corner. The text 'YES' is partially cut off and appears to be floating without a clear context or background, which is unusual for in-game text.",Floating and Partially Cut-Off Text Overlay,There is a text overlay on the top right corner of the screen that reads 'YES'. This text is partially cut off and appears to be floating without a clear context or background. This could be a graphical glitch where the text is not properly rendered or positioned within the game's user interface. It may cause confusion or distraction for the player.,UI,"Ground truth describes an in-world rendering issue where animal models (a black bull and a cow) appear to float above the ground. The generated report instead talks about a UI problem: a text overlay reading “YES” that is partially cut off and floating at the top-right of the screen. The elements involved (animals vs UI text), their locations, and the nature of the problem (object placement in 3D world vs UI positioning) are completely different, so the two reports do not refer to the same bug.",False
question___7360db67-b45b-4bc2-8378-cdcca906deb7,qwen/qwen-vl-max,"The character's head appears to be abnormally large in proportion to the body, which is a common graphical issue known as a scale or model deformation glitch. This could be due to an error in the character model or texture mapping.",Character Model Deformation - Abnormally Large Head,"The character in the image has an abnormally large head in proportion to the body. This visual glitch affects the character's appearance and could potentially impact the immersion and realism of the game. The issue is noticeable in the character's head, which appears disproportionately large compared to the rest of the body.",Character,"Ground truth reports an airplane clipping through a wall, propeller not rotating, and the plane floating off the ground. The generated report discusses a character model with an abnormally large head. The objects involved (airplane vs. character), the type of visual issue (clipping/floating vs. proportion distortion), and the specific symptoms all differ.",False
question___d2ad2064-0526-4381-a895-9f5f6581f6d5,qwen/qwen-vl-max,"The character's hand appears to be intersecting with the weapon, which is not a normal visual representation. This suggests a graphical bug where the model of the hand and the weapon are not properly rendered or aligned.",Character Hand Intersecting with Weapon,"The character's hand is visually intersecting with the weapon, creating an unrealistic and potentially confusing visual effect. This glitch may affect the player's immersion and could potentially impact gameplay if it affects the player's ability to interact with the weapon.",Character,"Ground truth bug: character's hand clips into their own body, emerging from belly—self-intersection with torso. Generated report: hand intersects with weapon, not body. Different objects involved, different clipping location. Therefore they do not describe same issue.",False
question___72aae6d5-b2f8-4e1c-b940-eb163486fa3a,qwen/qwen-vl-max,"The character appears to be floating in mid-air above the stairs, which is not a typical behavior for a character in a game. This suggests a physics or collision detection glitch.",Character Floating Above Stairs,"The character is positioned above the stairs without any visible support, indicating a physics glitch. This could affect gameplay by allowing players to reach unintended areas or by causing unexpected behavior during movement.",Character,"Both descriptions mention a character floating in mid-air/above the stairs, but the ground truth also specifies an additional problem: a wooden beam clipping through the stairs. The generated report omits any reference to the wooden beam clipping, therefore it does not fully describe the same bug scenario detailed in the ground truth.",False
question___b6e2c192-3d2b-4851-a44d-070fb8c3f4eb,qwen/qwen-vl-max,"The image appears to be from a first-person shooter game with a post-apocalyptic setting. There are no obvious visual glitches such as texture misalignments, clipping issues, or transparency problems. However, the positioning of the characters on the ground seems unnatural, which could be a potential issue.",Unnatural Character Poses,"The characters lying on the ground appear to be in unnatural and potentially unrealistic poses. This could affect the immersion and realism of the game, especially in a post-apocalyptic setting where realism is crucial. The poses may also impact the player's ability to interact with the environment or other characters.",Character,"Ground truth bug concerns two guns floating (i.e., items not attached to anything). Generated report instead talks about characters lying on the ground in unnatural poses. No mention of floating guns; focuses on different elements and issue type. Therefore they do not describe the same bug.",False
question___70668d23-1d3c-4c5e-9b0c-6900155cbd8e,qwen/qwen-vl-max,"The player's body appears to be floating above the ground, which is not a normal state in the game. This suggests a graphical bug where the player model is not rendering correctly in relation to the environment.",Player Model Floating Above Ground,"The player model is rendered in a position that appears to be floating above the ground, which is not a normal state in the game. This could potentially affect gameplay by causing confusion or making it difficult to interact with the environment correctly.",Character,Ground truth bug concerns a sniper rifle asset floating in air with barrel clipping into a wall (weapon placement/clipping). Generated report talks about the player character model floating above ground and potential gameplay confusion. Different object (player vs rifle) and different clipping detail; no mention of weapon or clipping into wall. Therefore they do not describe same bug.,False
question___0d8c9ce5-ca96-4234-8c77-2a5b0473bde5,qwen/qwen-vl-max,"The image appears to be from a farming simulation game. There are no obvious visual glitches such as texture misalignments, clipping issues, or transparency problems. The tractor and attached equipment look properly rendered and positioned.",No visual glitches detected,The tractor and attached equipment are rendered correctly with no apparent graphical issues. The environment and UI elements also appear to be functioning as intended.,None,The ground truth reports a specific graphical issue: the tractor’s front wheel is missing/not rendered. The generated bug report claims that there are no visual glitches and everything is rendered correctly. These statements directly contradict each other; they do not describe the same issue.,False
question___833366dc-ff2a-43f2-9b70-0b0db6875c61,qwen/qwen-vl-max,"The image shows a character inside a vehicle with another character standing outside. There is a noticeable visual glitch where the character inside the vehicle appears to be partially outside the vehicle, with their arm extending through the vehicle's window in an unnatural way. This suggests a collision detection or clipping issue.",Character Clipping Through Vehicle Window,"The character inside the vehicle is partially clipping through the vehicle's window, with their arm extending outside in an unnatural and unrealistic manner. This visual glitch can disrupt the immersion and realism of the game, potentially affecting the player's experience.",Character,"Ground truth states that the male character and the blue/cyan vehicle are clipping together. This identifies the problem as a visual intersection between the character model and the vehicle. The generated report describes the character partially clipping through the vehicle’s window, which is likewise a visual intersection between the character model and the vehicle. Although the generated report omits the vehicle’s color detail, the core issue (character-vehicle clipping) is the same.",True
question___ecb5cbd2-a8be-4bf9-9ae6-115742dba01a,qwen/qwen-vl-max,"The character appears to be partially embedded into the wooden structure, which is not a normal interaction with the environment. This suggests a graphical bug where the character model is not correctly rendered in relation to the environment.",Character Model Embedded in Wooden Structure,"The character model is partially embedded into the wooden structure, indicating a graphical glitch. This could potentially affect the player's ability to navigate or interact with the environment correctly.",Character,"Ground truth bug is about the character on the left floating (in mid-air) while kneeling. The generated report instead describes the character as being partially embedded in a wooden structure. Floating and embedding are opposite types of placement errors and involve different environmental contexts (air vs wooden object). Therefore, they do not describe the same bug.",False
question___d11b0194-3e04-493f-8223-f9bb0c62cf07,qwen/qwen-vl-max,"The image appears to be from a medieval-themed video game. There are no obvious graphical glitches such as texture misalignments, clipping issues, or visual artifacts. However, the lighting and shadows seem consistent, and the characters and environment are rendered correctly.",No apparent visual glitches detected,"The scene depicts a group of characters sitting around a table in a medieval setting. The characters, table, and environment are rendered without any noticeable graphical issues. The lighting and shadows are consistent, and there are no texture misalignments or clipping problems.",None,"Ground truth reports a clear visual bug: the person at the left desk is floating while seated. The generated report explicitly states that there are no visual glitches or graphical issues. Therefore, the generated report fails to identify the bug described in the ground truth.",False
question___e1fe56d2-cda0-4e0b-84fd-0a4a53090193,qwen/qwen-vl-max,"The image appears to be from a video game with a dark, forested environment. The player character is mounted on a motorcycle, and there is a large, damaged vehicle in the background. The lighting and shadows seem consistent with the environment, but the motorcycle's rear wheel appears to be partially embedded in the ground, which is not a realistic interaction with the terrain.",Motorcycle Wheel Embedded in Terrain,The rear wheel of the motorcycle the player character is riding appears to be partially embedded in the ground. This visual glitch affects the realism of the scene and could potentially impact the player's ability to navigate or control the motorcycle. The wheel's position suggests a collision or physics issue with the terrain.,Motorcycle,"Ground truth states the problem: the lower wheel of the motorcycle clips into the ground. The generated report states that the rear wheel of the motorcycle is partially embedded in the ground, citing a collision / physics issue. Both describe a visual issue where a motorcycle wheel penetrates the terrain; the difference between ""lower"" and ""rear"" is minor and does not change the essence of the bug. Therefore, they refer to the same core issue.",True
question___da1271fb-ca45-4e8e-95e6-882dd3574cb5,qwen/qwen-vl-max,"The image appears to be from a first-person shooter game with a player character and another character in the background. The environment and characters look realistic, but there is a noticeable issue with the text overlay on the right side of the screen. The text is in German and seems to be part of the game's user interface, but it is partially cut off and overlaps with the in-game elements, which could be distracting and affect the player's ability to read important information.",UI Text Overlap and Truncation,"The text overlay on the right side of the screen, which is in German, is partially cut off and overlaps with the in-game elements. This could make it difficult for players to read the text, especially if it contains important information or instructions. The text appears to be part of the game's user interface, possibly related to player actions or settings.",UI,The ground truth describes a 3D character model issue (T-posed character’s lower body clipping into the ground). The generated bug report discusses German UI text being cut off and overlapping other interface elements. These are entirely different problem domains (character clipping vs. UI text layout) with no overlap in symptoms or affected elements.,False
question___3ead9028-f008-4634-8287-8ab389d3aef9,qwen/qwen-vl-max,"The character's jeans appear to be clipping through the body, particularly around the thighs and buttocks area. This suggests a collision detection or mesh deformation issue.",Jeans clipping through character's body,"The character's jeans are clipping through the body, particularly noticeable around the thighs and buttocks. This visual glitch affects the realism and immersion of the character's appearance. It may also impact the player's ability to clearly see the character's movements and interactions with the environment.",Character's jeans,The ground truth bug describes a positional issue where the girl character is unnaturally floating in a seated pose. The generated report instead describes a clothing-mesh clipping problem (jeans intersecting the character’s body). These are different visual bugs involving separate aspects of the model (position vs. mesh clipping). Therefore they do not correspond to the same underlying issue.,False
question___9551e79b-2f10-4256-8910-52ee87a75263,qwen/qwen-vl-max,"The image appears to be from a side-scrolling game with a dark, monochromatic aesthetic. There are no obvious visual glitches such as texture misalignments, clipping issues, or transparency problems. The characters and environment seem to be rendered correctly.",No Visual Glitches Detected,The screenshot shows a well-rendered scene with characters and environment elements that appear to be correctly displayed. There are no visible graphical bugs or rendering issues that affect the visual integrity of the game.,None,"The ground truth describes a specific visual bug where two characters are floating and their heads are clipping into the ceiling. The generated bug report explicitly states that no visual glitches are detected and claims everything is correct. Therefore, it does not acknowledge or describe the same issue as the ground truth.",False
question___af1715ee-f7ca-4366-b403-72b93e1f76d5,qwen/qwen-vl-max,"The character in the image appears to be floating above the ground, which is not a typical behavior for a character in a game. This suggests a potential issue with the character's collision detection or physics.",Character Floating Above Ground,"The character is positioned above the ground, not making contact with it. This could affect the player's ability to interact with the environment or other characters, potentially leading to navigation issues or incorrect interactions.",Character,"Ground truth issue is that the character's legs sink below the ground (clipping into it). The generated report claims the character is floating above the ground, not touching it. These are opposite positioning problems and not the same bug.",False
question___a73071a7-26da-4dfa-a207-2ca87ffd65cc,qwen/qwen-vl-max,"The character's hands and the sign appear to be floating in mid-air, which is not a natural or intended visual effect. This suggests a graphical bug where the physics or positioning of these objects is incorrect.",Floating hands and sign,"The character's hands and the sign attached to the character are floating in mid-air, not aligned with the body or the environment. This visual glitch can be distracting and may affect the immersion and realism of the game.",Character,"Ground truth: Character body is not rendered; only the hands and the gun are visible, causing the gun to appear floating.  
Generated report: States that the character’s hands and an attached item (a sign) are floating in mid-air, not aligned with the body, implying the body is missing or not rendered.  
Both descriptions point to the same core visual defect: the character model is partially missing so that only certain attachments (hands + another object) are shown, resulting in a floating appearance. The specific attached object differs (gun vs. sign) but the underlying bug—body not rendered, parts floating—is the same.",True
question___badde189-2012-4ec1-849e-8e50874d5b37,qwen/qwen-vl-max,The character's arms appear to be unnaturally extended and the hands are positioned in a way that does not align with the natural movement of a human. This suggests a potential animation or model clipping issue.,Character Model with Anomalous Arm Position,"The character in the image has arms extended in an unnatural position, with hands that do not align with the expected human anatomy. This could affect the immersion and realism of the game, potentially impacting player experience.",Character Model,"Ground truth states the issue: a character (next to a wall) is stuck in an A-pose, meaning the arms are extended unnaturally. The generated report describes a character model whose arms are extended in an unnatural manner, affecting realism. Both focus on the same core problem: the character being in an unintended A-pose with arms outstretched. Location detail (next to the wall) is omitted in the generated report, but that does not change the essence of the bug. Therefore they describe the same bug.",True
question___bbfbe796-7cc8-42ca-9f9c-6e71ccf5d169,qwen/qwen-vl-max,"The character's right arm appears to be abnormally thin and elongated, which is inconsistent with the rest of the character model and the environment. This suggests a graphical bug affecting the character's mesh or texture.",Character Model with Abnormal Arm,"The character's right arm is rendered with an abnormally thin and elongated appearance, which is inconsistent with the rest of the character model and the environment. This visual glitch could potentially affect the player's immersion and the character's interaction with the environment.",Character Model,"Ground truth describes character clipping into a wall and water streaming from lower body; generated report talks about an abnormally thin and elongated right arm. These issues are completely different in nature and visuals, with no overlap.",False
question___f62dac69-9f3c-4544-8aa5-23f95fcb62cd,qwen/qwen-vl-max,"The character's head appears to be clipping through the wall, which is an indication of a graphical bug. This could be due to a collision detection error or a rendering issue.",Character Head Clipping Through Wall,"The character's head is partially embedded in the wall, which is a visual glitch. This issue may affect the player's ability to interact with the environment and could cause immersion issues.",Character,"Both descriptions report the same core problem: parts of the character’s body are clipping/embedded into a wall. The ground truth specifies face and hand; the generated report mentions the head, which encompasses the face. Although the hand is not mentioned, the fundamental issue of body clipping into the wall is the same.",True
question___3a2e112d-c0be-4c4e-97b9-0c94b1f697c5,qwen/qwen-vl-max,"The image shows two characters in mid-air, with one character in the foreground and another in the background. The character in the foreground appears to have a visual glitch where the body is not rendered, leaving only the head, arms, and legs visible. This is likely due to a rendering issue where the body texture or model failed to load correctly.",Partial Character Model Missing,"The character in the foreground has a significant visual glitch where the body is not rendered, leaving only the head, arms, and legs visible. This could impact gameplay by causing confusion or immersion issues for the player. The character in the background appears normal, suggesting the issue is specific to the foreground character.",Character,"Both descriptions report the same core issue: a single character in the scene is missing most of its body (body not rendered / partially invisible) while other characters appear normal. The ground truth specifies Spider-Man on the left side; the generated report refers to the ""character in the foreground,"" but this still denotes a specific character and does not contradict the ground truth. Therefore, they describe the same bug.",True
question___b9a24028-98b7-4f14-a2aa-b4016815daa6,qwen/qwen-vl-max,"The image appears to show a character standing in a doorway looking outside. The environment looks realistic, but there is a noticeable issue with the lighting on the left side of the image. The light and shadows on the wall and floor inside the building do not match the natural lighting coming from outside, suggesting a potential glitch in the lighting or shadow rendering.",Lighting and Shadow Mismatch Inside Building,There is a discrepancy in the lighting and shadows inside the building. The left side of the image shows an unnatural pattern of light and shadow that does not align with the natural light coming from the outside. This could affect the player's perception of the environment and potentially impact gameplay by creating confusion or unrealistic visual cues.,Environment (lighting and shadows),"The ground truth bug concerns missing architectural geometry: window panes appear to float because the wall or window frame is absent. The generated report instead talks about incorrect lighting and shadow alignment inside the building, with no mention of missing frames or floating panes. The core issues are entirely different (geometry vs. lighting), so the reports do not describe the same bug.",False
question___5a50397d-af4b-4074-84e4-31a72905272f,qwen/qwen-vl-max,"The character's face appears to be distorted, with the eyes and mouth not aligning properly with the rest of the face. This suggests a graphical bug where the texture or model has not been applied correctly.",Character Face Texture Misalignment,"The character's face in the image shows a significant graphical glitch. The eyes and mouth are misaligned, creating a distorted appearance. This could affect the immersion and visual consistency of the game, potentially impacting the player's experience.",Character,"Ground truth issue: character’s body completely missing, only eyeballs, teeth, helmet rendered (no body). Generated report: face texture misalignment where eyes and mouth are merely misaligned on face. No mention of missing body; instead, body assumed present. The symptoms and root graphical problems differ, so they do not describe the same bug.",False
question___0904adfa-0be5-4744-9b54-a1e501ea4204,qwen/qwen-vl-max,"The character's face appears to have an unusual texture, which may be due to a graphical bug affecting the character model. The texture looks inconsistent with the rest of the character's appearance.",Character Face Texture Glitch,The character's face has an irregular texture that does not match the rest of the character model. This visual inconsistency can be distracting and may affect the immersion and realism of the game.,Character,Ground truth bug: character model intersects wall (clipping issue). Generated bug: visual texture glitch on character's face unrelated to clipping. Different symptoms and causes.,False
question___840d991a-a434-40e4-8c00-82948a9b0d5c,qwen/qwen-vl-max,"The character's face appears distorted, with an unnatural and asymmetrical expression. This suggests a graphical bug affecting the character model's texture or mesh.",Character Model Distortion,"The character's face is rendered with a distorted and asymmetrical expression, which is not consistent with the intended appearance. This visual glitch may affect the immersion and realism of the game, potentially impacting the player's experience.",Character,"Ground truth bug is about the head being placed incorrectly – it clips through the body and the neck is missing, i.e., a positional/structural problem of head-neck anatomy. The generated report instead talks about the face having a distorted, asymmetrical expression (visual deformation of expression), without mentioning head placement, clipping, or missing neck. Therefore they describe different issues.",False
question___16ddab62-06cb-4cf2-8e6d-edaffd05267c,qwen/qwen-vl-max,"The character's hands appear to be intersecting with the weapon, which is not a natural or intended visual effect. This suggests a graphical bug where the model of the hands and the weapon are not properly rendered or positioned.",Character Hands Intersecting with Weapon,"The character's hands are visibly intersecting with the weapon, creating an unnatural and visually jarring effect. This bug affects the visual integrity of the character model and may impact the player's immersion and experience.",Character Model,"Ground truth bug is about several character entities being spawned/rendered at the same position, causing characters to overlap and clip through each other. The generated report describes a single character model whose hands clip into its weapon – an issue of self-intersection within one model, not overlapping multiple characters. The core issues differ (multi-character overlap vs. hand-weapon intersection).",False
question___50ad8077-e22f-4721-a3a7-709ac900431d,qwen/qwen-vl-max,"The image shows a character in a wooden structure with a skinned animal hanging from the ceiling. The animal appears to be rendered correctly, but there is a noticeable issue with the character's hand, which seems to be abnormally large and misshapen. This could be a graphical bug affecting the character model.",Character Hand Abnormality,"The character's right hand appears to be abnormally large and misshapen, which is inconsistent with the rest of the character model. This visual glitch could potentially impact the player's immersion and interaction with the game environment, especially during close-up interactions or when the character is performing actions that involve the hands.",Character Model,"The ground truth bug describes a floating dead animal positioned on the right side, implying an issue with object placement (floating in air). The generated bug report instead describes an oversized, misshapen right hand on a character model, which concerns character geometry, not object placement or floating. No overlap in object (dead animal vs character hand) or issue type (floating vs deformation). Therefore they do not describe the same bug.",False
question___b5a0fd4b-5048-43f9-932f-0e2657edfb6f,qwen/qwen-vl-max,"The image shows a character standing behind a counter with a distorted and stretched appearance. This distortion is not consistent with the normal rendering of characters and objects in the game, indicating a graphical glitch.",Character with Distorted and Stretched Appearance,"The character behind the counter appears to be stretched and distorted, with an unnatural and exaggerated form. This visual bug affects the character's appearance and could potentially impact the player's immersion and interaction with the game environment.",Character,"Ground truth mentions two issues: (1) the flashlight light beam becomes a hard-edged square instead of a circular beam, and (2) the zombie character’s body is clipped by a table. The generated report only talks about a character behind the counter appearing stretched and distorted. It does not mention the flashlight artifact nor body clipping by a table; ‘stretched and distorted’ is different from ‘clipped by table’. Therefore, the generated report does not describe the same bug(s) as the ground truth.",False
question___e66972c3-9c07-4693-b728-801b0803d3fe,qwen/qwen-vl-max,"The character model on the left side of the image appears to be floating above the floor, which is not a typical behavior for a character in a realistic game environment. This suggests a graphical bug where the character model is not properly anchored to the ground.",Character Model Floating Above Floor,"The character model on the left side of the image is floating above the floor, which is not a realistic behavior for a character in the game environment. This could potentially impact gameplay by causing confusion or making it difficult to interact with the character or other game elements.",Character,"The ground truth lists two issues: (1) the blue-gloved character’s hand is posed as if holding a gun but the gun asset is missing, and (2) the pink-shirt character’s head is clipping into the ground. The generated report instead describes a character model floating ABOVE the floor. It does not mention a missing weapon or head clipping into the ground, and the vertical positioning problem it reports is the opposite (floating vs. sinking). Therefore the generated report does not describe the same bug(s) as the ground truth.",False
question___ec6355ab-990e-43c6-a186-c8938f81e2cf,qwen/qwen-vl-max,The image shows a vehicle with a partially rendered or missing texture on the hood and roof. This appears to be a graphical glitch where the texture has not been applied correctly or has been corrupted.,Vehicle Texture Missing or Corrupted,"The vehicle in the image has a visual bug where the texture on the hood and roof is missing or corrupted. This results in an unnatural and incomplete appearance of the vehicle. The issue could affect the immersion and visual quality of the game, potentially impacting the player's experience.",Vehicle,The ground truth describes a physics/clipping issue: two cars intersecting each other (T-bone clipping) and a person floating above the car’s bonnet. The generated report instead talks about a graphical texture issue (missing or corrupted textures on the vehicle’s hood and roof). These are entirely different problem types: collision/placement vs texture rendering. No overlap in symptoms or cause.,False
question___38a297c7-e5a8-40a2-91c3-3815dfbceca4,qwen/qwen-vl-max,"The character on the right appears to have a missing face, which is a common graphical bug where textures or models fail to load correctly. This can be due to a variety of issues such as texture corruption, model errors, or rendering glitches.",Character with Missing Face,"The character on the right side of the image is missing a face, which is likely a result of a texture or model loading failure. This visual bug can disrupt the immersion and potentially affect gameplay if the character is meant to interact with the player.",Character,The ground truth bug is that a character is floating in the air (positioning/physics issue). The generated report talks about a character missing a face (texture/model issue). These describe entirely different visual problems with no overlap.,False
question___83830d94-f33b-43c7-8973-ccdf848aec07,qwen/qwen-vl-max,"The character on the horse appears to have an abnormal posture, with arms and legs extended in an unnatural position. This suggests a possible animation or model clipping issue.",Character Model Clipping on Horse,The character on the horse has an abnormal posture with arms and legs extended in an unnatural position. This could affect the player's ability to control the character and may cause immersion issues.,Character on Horse,"Ground truth: character’s lower body clips/merges into horse plus T-pose (arms stretched).
Generated report: mentions “Character Model Clipping on Horse” (indicates merging/clipping) and describes “arms and legs extended in an unnatural position,” which corresponds to the T-pose. Both reports involve the same scenario: rider model clipping into the horse and stuck in a T-pose. The core visual glitch and context (character on horse) are identical.",True
question___ac3161ae-8ff0-4134-a64f-795ca365eb3e,qwen/qwen-vl-max,The character's arm appears to be abnormally elongated and positioned in a way that does not align with natural human anatomy. This suggests a graphical bug affecting the character model.,Character Model Deformation,The character's right arm is rendered in an unnatural position and appears to be elongated. This deformation affects the character's appearance and could potentially impact the player's immersion and interaction with the character.,Character,Ground truth bug: Character is stuck in default A-pose/T-pose (entire body in static default stance). Generated report: Only right arm is elongated and in unnatural position; no mention of full-body default pose or T/A pose. Issues differ in nature (pose vs. deformation) and scope. Therefore they are not the same bug.,False
question___c595b559-454b-4ed6-9f17-63b62cb851a5,qwen/qwen-vl-max,"The image shows a character holding an apple. The apple appears to have a visual glitch where the texture or model of the apple seems to be partially missing or incorrectly rendered, resulting in a black, irregular shape on its surface. This is likely due to a texture mapping or model rendering error.",Visual Glitch on Apple Texture,"The apple held by the character has a visual glitch where part of its texture or model is missing or incorrectly rendered, appearing as a black, irregular shape. This could affect the visual immersion and realism of the game, potentially impacting the player's experience.",Apple,"Both reports concern a visual issue with the apple, but the nature of the problem differs. The ground truth specifies a clipping/intersection problem where the apple passes through the character's hand. The generated report instead describes a missing or corrupted texture/model that appears as a black irregular shape. Since clipping and texture corruption are distinct issues, the generated report does not describe the same bug.",False
question___8a5ee047-2d80-4ef7-a6f0-7699984ead7a,qwen/qwen-vl-max,"The car appears to be floating above the ground, which is not a typical behavior for a vehicle. This suggests a potential issue with the physics or collision detection system.",Vehicle Floating Above Ground,"The car in the image is not in contact with the ground, giving the appearance that it is floating. This could affect gameplay by making the vehicle uncontrollable or by breaking the immersion of the game environment.",Vehicle,"Ground truth describes incorrect wheel placement: front wheel clipping into car body, rear wheels clipping with the ground. The generated report describes the entire vehicle floating above the ground with no contact, not specific wheel clipping. These are distinct issues (clipping vs floating), so they do not match.",False
question___d1f4cd14-254d-4baa-8dc5-d30a37374c89,qwen/qwen-vl-max,The character model on the right side of the image appears to have a graphical glitch where the arm is detached and floating. This is likely due to a rendering issue where the model's arm is not properly attached to the body.,Detached and Floating Arm on Character Model,The character model on the right side of the image has a graphical glitch where the arm is detached and appears to be floating. This issue affects the visual integrity of the character and could potentially impact the player's immersion and experience in the game.,Character Model,"Ground truth: entire character mesh invisible except clothing, leading to floating cape and helmet. Core issue is missing body render.
Generated: only the arm is detached and floating; body is present. Mentions graphical glitch but not invisibility of whole character. Different manifestations.
Therefore they do not describe the same bug.",False
question___d42ad968-50d0-4eea-b237-7ad512d577e6,qwen/qwen-vl-max,"The helicopter appears to be floating above the ground with no visible support, which is not typical for a helicopter in a realistic setting. This suggests a potential physics or collision detection glitch.",Helicopter Floating Above Ground,The helicopter in the image appears to be floating above the ground without any visible means of support. This is not a realistic behavior for a helicopter and could potentially affect the player's interaction with the vehicle and the environment.,Helicopter,"Ground truth states that the bug is a helicopter hovering with its main rotor blades missing (specific visual asset missing). The generated report only notes that the helicopter is floating above the ground without visible support; it never mentions the absence of the rotor blades. While both involve a helicopter hovering unrealistically, the ground-truth bug is explicitly about the missing rotor blades, whereas the generated report focuses on the hover/floating behaviour. Therefore they are not necessarily the same bug.",False
question___4fa871fe-e780-4831-ae22-4b23cf205c2a,qwen/qwen-vl-max,"The character appears to be in an unnatural and physically impossible position, suggesting a clipping or physics glitch. The body is partially embedded in the ground, and the limbs are positioned in a way that defies normal human anatomy.",Character Clipping into the Ground,"The character is lying on the ground in an unnatural position, with parts of the body appearing to clip through the ground surface. This visual anomaly could disrupt the immersion and potentially affect gameplay mechanics, such as movement or interaction with the environment.",Character,"Ground truth describes the character’s head intersecting with its own body (internal self-clipping around the belly). The generated report instead talks about the character’s body clipping into the ground surface, which is a different visual issue (external clipping with terrain). Because the core issues differ—self-clipping vs. ground clipping—the reports do not match.",False
question___6830a364-34a0-4c86-9c8c-61c3bb1aafb9,qwen/qwen-vl-max,"The character's face appears to be missing most of its features, with only the eyes and mouth visible. This suggests a texture or model loading issue where the face has not rendered correctly.",Character Face Texture Missing,"The character's face is missing most of its texture, with only the eyes and mouth visible. This could be due to a texture loading error or a model rendering issue. The lack of a properly rendered face can disrupt the immersion and visual coherence of the scene.",Character,"Ground truth says the eyeballs, teeth, and gums render while the facial skin is missing. Generated report states the character's face texture is missing, with only the eyes and mouth visible. ""Eyes and mouth visible"" corresponds to eyeballs, teeth/gums rendered, facial skin absent. Both describe the same core issue: facial skin/texture not rendered while internal parts (eyes, mouth region) still appear.",True
question___87fb490a-1abf-4ab3-8544-fdcc60592bf2,qwen/qwen-vl-max,The character in the foreground appears to have an abnormally large head and an arm that is not proportionate to the rest of the body. This distortion suggests a graphical bug affecting the character model.,Character Model Distortion,The character in the foreground has a significantly enlarged head and an arm that appears to be floating and not connected properly to the body. This visual glitch could disrupt the immersion and realism of the game environment.,Character,"Ground truth bug concerns multiple characters intersecting or clipping through each other. The generated report talks about one character whose head is enlarged and arm disconnected – a model deformation issue, not characters intersecting. No mention of multiple characters or clipping between them. Therefore they describe different issues.",False
question___c3631459-db19-48b6-b271-a7ec54e74725,qwen/qwen-vl-max,"The image shows a telescopic sight with a vehicle in the center. The sight appears to be correctly aligned and focused on the target. However, the edges of the sight are unusually dark, which could be a graphical glitch or an intended design choice to simulate depth of field. The rest of the image does not show any obvious visual glitches.",Potential graphical glitch on telescopic sight edges,"The edges of the telescopic sight are excessively dark, which may be a graphical glitch. This could potentially affect the player's ability to accurately aim and engage targets, especially in low-light conditions or when the sight is not fully centered on the target. The rest of the image appears to be rendered correctly.",Telescopic sight,"The ground truth describes a physics/world-placement issue where a vehicle is floating above the ground. The generated report concerns a visual issue with overly dark edges on a telescopic sight. These involve completely different objects (vehicle vs. sight) and different problem types (object floating vs. dark graphics). Therefore, they do not match.",False
question___6b40bbef-bd46-4f7e-b67c-82b122111d2c,qwen/qwen-vl-max,"The image shows a character interacting with a computer setup. The hand appears to be in an unnatural position, with the fingers extended and the thumb positioned in a way that does not align with typical human anatomy. This suggests a potential issue with the character model's hand rigging or animation.",Character Hand Model Anomaly,"The character's hand appears to be in an unnatural and physically impossible position while interacting with the mouse. The fingers are extended and the thumb is positioned in a way that does not align with typical human anatomy. This could affect the immersion and realism of the game, potentially impacting the player's experience.",Character Hand Model,"Ground truth bug describes a hand clipping through the desk/mouse pad and holding a knife – the issue is about an unexpected object (knife) and position (hand emerging from surface). The generated report talks about the hand’s pose being anatomically impossible while using a mouse; it does not mention clipping through the desk, emerging from the surface, or holding a knife. The core issues are different (clipping + wrong prop vs. unnatural finger/thumb pose), so they do not match.",False
question___9241fba8-8974-419b-b85b-3bfd552a04ab,qwen/qwen-vl-max,"The character labeled 'TheLost Disaster' appears to be floating in mid-air, which is not a typical behavior for characters in most games. This suggests a physics or collision detection glitch.",Character Floating in Mid-Air,"The character 'TheLost Disaster' is positioned in mid-air, not interacting with the ground or any other object. This visual bug could affect gameplay by potentially allowing the character to avoid intended interactions with the environment or other characters.",Character,"Both descriptions refer to the same visual issue: a character associated with ""TheLost Disaster"" is floating or positioned in mid-air instead of standing on the ground. The generated report adds minor details about potential gameplay impact, but the core bug (character floating) is identical to the ground truth.",True
question___627f5fff-6638-4faf-aaf4-b196b96c866a,qwen/qwen-vl-max,"The image appears to be from a video game with a vintage city setting. There are no obvious visual glitches such as texture misalignments, clipping issues, or graphical artifacts. The scene looks coherent and well-rendered.",No visual glitches detected,The image shows a street scene with vintage cars and buildings. All elements appear to be rendered correctly without any noticeable graphical issues. The scene is clear and the objects are well-defined.,None,The ground truth describes a specific visual bug: one car is floating and clipping into another. The generated bug report explicitly states that no visual glitches are detected and that everything is rendered correctly. This directly contradicts the ground truth and does not describe the same issue.,False
question___3e05d224-d5d4-4826-a189-cdbc7f81692e,qwen/qwen-vl-max,"The image appears to be from a post-apocalyptic game environment. The character is well-rendered, but there is a noticeable text overlay at the bottom of the screen that seems out of place and could be unintended. This text might be a dialogue or a message that is not properly integrated into the game's UI.",Unintended Text Overlay in Game Environment,There is a text overlay at the bottom of the screen that appears to be a dialogue or message. This text is not properly integrated into the game's UI and is displayed in a way that could be distracting to the player. It may affect the immersion and readability of the game.,UI,"The ground truth bug concerns a visual asset issue where a character should be holding a gun but the gun model is missing. The generated bug report instead talks about a misplaced text overlay in the UI, unrelated to character animations or missing weapons. The core issues are completely different.",False
question___6f86e013-61eb-4283-abc7-a8e23b4f9b8f,qwen/qwen-vl-max,"The character's body appears to be intersecting with the car, which is not a normal interaction. The body should be either on top of the car or beside it, not partially inside it. This suggests a collision detection or clipping issue.",Character Body Clipping Through Car,"The character's body is partially clipping through the car, creating an unrealistic and visually jarring effect. This issue can disrupt the immersion and potentially interfere with gameplay interactions, such as activating the car trap.",Character,"Both descriptions report a character (zombie) mesh intersecting with the geometry of a car. The ground truth specifies the zombie clipping into the car’s hood, while the generated report speaks of the character’s body clipping through the car more generally, but this is essentially the same core issue: improper collision causing the character to penetrate the car model.",True
question___0a408cdf-72a0-4464-b7f0-0c99be1eaa6c,qwen/qwen-vl-max,"The character's dress appears to have a smooth, consistent texture and color, which is appropriate for the scene. However, the environment, particularly the wooden fence, shows signs of graphical issues. The fence appears to be partially transparent and has an unnatural, floating appearance, which is inconsistent with the rest of the environment.",Graphical Issue with Wooden Fence,The wooden fence on the right side of the image appears to be partially transparent and seems to be floating above the ground. This graphical glitch disrupts the immersion of the scene and could potentially affect the player's interaction with the environment.,Environment (Wooden Fence),"The ground-truth issue is that ""some floating elements"" are visible in front of the girl; it does not specify what those elements are, only that parts of the scene are missing/incorrect and appear to float. The generated report, however, pinpoints a specific object – a wooden fence on the right side – that is partially transparent and floating above the ground. The location (right side vs. in front of the girl) and the nature of the faulty object (wooden fence vs. unspecified floating elements) differ. Because the generated report describes a distinct, specific rendering problem that is not explicitly mentioned in the ground-truth description, they cannot be confidently considered the same bug.",False
question___263db65f-c8d7-48ae-bfb9-930cab3f955a,qwen/qwen-vl-max,The character 'I Love Bacon' appears to have a visual glitch where the edges of the character model are outlined in blue. This is likely due to an incorrect application of lighting or a shader effect that is not properly rendered.,Character Model with Blue Outline,The character 'I Love Bacon' has a blue outline around the edges of the model. This visual glitch makes the character stand out unnaturally from the environment and can be distracting to the player. It may also indicate underlying issues with the game's rendering engine.,Character,"Ground truth bug concerns weapon positioning: the weapon is detached from the character’s hand, floating and clipping. Generated report talks about a blue outline around the character model, a completely different visual artifact unrelated to weapon placement or clipping. No overlap in symptoms or cause.",False
question___68426304-5705-4995-8967-9adf5a6e89a4,qwen/qwen-vl-max,"The trophy held by the character appears to have a graphical glitch. The trophy is rendered with a green wireframe around it, which is not typically part of the trophy's design. This wireframe is likely an unintended visual artifact.",Green Wireframe on Trophy,The trophy being held by the character is rendered with an additional green wireframe around it. This wireframe is not part of the trophy's design and appears to be a graphical glitch. It may affect the visual immersion and realism of the scene.,Trophy,Ground truth describes character clipping: two characters intersecting wearing blue hat. Generated report talks about a trophy rendered with green wireframe. Completely different objects and issues (clipping vs extraneous wireframe). Therefore they do not match.,False
question___5c8b8307-2266-428f-9553-01efe4c45cef,qwen/qwen-vl-max,"The character appears to be partially inside the vehicle, with their legs and feet not properly rendered or positioned. This suggests a collision detection or model clipping issue.",Character Model Clipping Inside Vehicle,"The character's model is improperly rendered, with parts of the body (legs and feet) appearing to be inside the vehicle. This visual glitch may affect the player's ability to interact with the environment and control the character.",Character,"The ground truth describes a visual glitch where a person (wearing orange) has their lower body clipping into the truck’s fuel tank. The generated report also describes a visual glitch in which the character’s legs and feet are inside the vehicle. Both point to the same core issue: character model clipping into a part of the truck/vehicle. Differences in wording (mention of fuel tank and orange clothing) do not change the fundamental problem being reported. Thus, they refer to the same bug.",True
question___cf341a61-5553-407f-8141-6444d1297379,qwen/qwen-vl-max,"The character model appears to be in an unnatural and physically impossible position, suggesting a clipping or physics glitch. The character's limbs are intersecting with the ground and other objects, which is not typical behavior for a physics engine.",Character Model Clipping Through Environment,"The character model is in an unnatural position, with limbs intersecting the ground and other objects. This suggests a clipping or physics glitch where the character model is not interacting correctly with the environment. This could affect gameplay by making it difficult to navigate or interact with the environment and other characters.",Character,"Both descriptions refer to a physics/clipping issue where a character’s body parts intersect or clip into the ground, resulting in an unnatural pose. The generated report describes limbs intersecting the ground due to a physics glitch, which aligns with the ground truth’s ragdoll physics glitch causing clipping while lying on the ground.",True
question___5ec16bfe-1855-41fd-820c-c81cbec49ae5,qwen/qwen-vl-max,"The character in the foreground appears to be in an unnatural and contorted position, with limbs that do not align with typical human anatomy. This suggests a graphical bug where the character model has not been rendered correctly.",Character Model Rendering Issue,"The character in the foreground is depicted in an unnatural and contorted position, with limbs that do not align with typical human anatomy. This graphical bug affects the visual integrity of the character model and may impact the player's immersion and gameplay experience.",Character,"Ground truth describes the specific problem of a fallen character model penetrating (clipping) into the ground surface. The generated report instead speaks of the character being in an ""unnatural and contorted position"" with anatomically incorrect limb alignment; it never mentions intersection with the ground or clipping. Thus, while both concern a visual issue with a character model, they describe different manifestations (clipping vs. limb distortion).",False
question___49507a6d-f1e7-4dd3-b68e-f78a4fa1e10b,qwen/qwen-vl-max,"The sheep in the image appear to be floating above the ground, which is not a typical behavior for animals in a game environment. This suggests a graphical glitch where the animals are not rendered correctly in their intended position.",Floating Sheep in Barn,"The sheep in the barn are rendered in an elevated position, appearing to float above the ground. This visual anomaly is likely due to a rendering issue where the animals are not placed correctly within the game environment. This glitch may affect the player's interaction with the animals and the overall immersion of the game.",Sheep,"The ground truth describes a visual glitch where two white sheep are floating in mid-air near the ceiling. The generated report similarly describes sheep that are “rendered in an elevated position, appearing to float above the ground,” which is the same core issue: sheep are not on the ground but floating. Although the generated report omits the exact number of sheep and the fact they are near the ceiling, those details are secondary; the central bug (sheep floating in the air) is identical.",True
question___7436dd5d-0568-46eb-932e-a65441944c45,qwen/qwen-vl-max,"The image appears to be from a military-themed video game. The characters are equipped with gas masks and military gear, standing in a natural environment. There are no obvious visual glitches such as texture misalignments, clipping issues, or color distortions. The environment and characters are rendered correctly, and the lighting appears consistent with the time of day depicted.",No visual glitches detected,"The image shows two characters in a natural environment with no apparent graphical bugs or rendering issues. The characters, their gear, and the environment are rendered correctly. The lighting and textures are consistent and there are no signs of visual glitches such as texture misalignments, clipping, or color distortions.",None,"Ground truth reports a specific clipping issue: the front character's hand emerges incorrectly from the belly, indicating a clear visual glitch. The generated bug report states that no visual glitches or clipping issues are present. These statements are directly contradictory; therefore, they do not describe the same bug.",False
question___bb139a58-c006-4c44-bfb7-e95fd63806be,qwen/qwen-vl-max,"The character's glasses appear to be rendered incorrectly, with the lenses showing a distorted reflection that does not match the environment. This suggests a graphical glitch in the rendering of the glasses.",Incorrect Rendering of Character's Glasses,The character's glasses are displaying a distorted reflection that does not align with the surrounding environment. This visual inconsistency can be distracting and may affect the immersion of the player. The issue is specific to the glasses and does not appear to affect other parts of the character or the environment.,Character's glasses,"Ground truth describes a severe rendering glitch where large portions of the character’s body (head, neck, torso) are missing. The generated report talks about a minor visual distortion limited to the character’s glasses, explicitly stating that no other parts of the character are affected. The nature, scope, and visual symptoms differ completely, so they do not refer to the same bug.",False
question___9d2b86ea-668b-4c2c-983a-387aea492aa2,qwen/qwen-vl-max,"The image appears to be from a first-person shooter game with a combat scenario. There are no obvious visual glitches such as texture misalignments, clipping issues, or transparency problems. However, the lighting on the weapon and the character's hand seems slightly inconsistent with the environment, which could be a potential issue.",Inconsistent Lighting on Weapon and Hand,"The lighting on the weapon and the character's hand appears to be inconsistent with the surrounding environment. The weapon and hand have a brighter and more pronounced light source compared to the rest of the scene, which creates a visual disconnect. This could potentially affect the immersion and realism of the game.",Weapon and Character's Hand,"Ground truth describes characters intersecting with the ground (clipping issue), while generated report talks about lighting inconsistency on a weapon and hand. No similarity in issue type, objects affected, or visual symptoms.",False
question___7ed7785e-add8-4591-8aa7-d542fe8c2887,qwen/qwen-vl-max,"The image appears to be from a video game with a night-time setting in a forest. The characters and environment look well-rendered, with no obvious graphical glitches or rendering issues visible. The UI elements are clear and legible.",No Visual Glitches Observed,"The screenshot shows a group of characters in a forest environment at night. All characters and environmental elements are rendered correctly. The UI, including the mission objectives, minimap, and other on-screen elements, are clear and functional. No graphical bugs or rendering issues are present.",None,"The ground truth describes a specific visual bug where a character and their gun are floating unnaturally while the hands remain idle. The generated report instead claims that there are no visual glitches or rendering issues at all. It neither mentions floating characters nor any similar anomaly; in fact, it explicitly states everything is fine. Therefore, the generated report does not describe the same issue as the ground truth.",False
question___c382ed0a-145d-427d-a546-15e6e059e89e,qwen/qwen-vl-max,"The character's face appears distorted, with an unnatural expression and misaligned features. This suggests a graphical bug affecting the character model's texture or animation.",Character Face Distortion,"The character's face is rendered incorrectly, with features that are misaligned and an unnatural expression. This could affect the immersion and realism of the game, potentially impacting the player's experience.",Character,"Ground truth reports two separate characters overlapping/merging (clipping) into each other. Generated report talks about a single character’s facial features being misaligned or distorted, with no mention of two characters intersecting. The core issues are different: character-to-character clipping vs. facial rendering distortion.",False
question___4988d899-1238-4abd-a28e-b7c10e6bcc0d,qwen/qwen-vl-max,"The image appears to be from a flight simulation game with a detailed hangar scene. There are no obvious graphical bugs or rendering issues visible. The characters, objects, and environment are rendered correctly, and the UI elements are clear and legible.",No visual glitches detected,"The hangar scene, including the characters, helicopter, and UI elements, appears to be rendered correctly without any graphical anomalies. The environment and objects are detailed and there are no signs of texture issues, clipping, or other visual bugs.",None,"The ground truth states a clear visual bug: ""The helicopter is upside down."" The generated bug report asserts the opposite, claiming there are ""No visual glitches"" and everything is rendered correctly. Therefore, it does not describe the same issue.",False
question___630c7cdc-d0a3-43ca-989c-4a13042803d1,qwen/qwen-vl-max,"The image appears to be from a cutscene with two characters in a well-lit environment. There are no obvious graphical glitches such as texture misalignments, clipping issues, or visual artifacts. The characters and background are rendered correctly, and the lighting is consistent with the scene's atmosphere.",No apparent visual glitches detected,The image shows two characters in a well-lit room with detailed textures and consistent lighting. There are no visible graphical bugs or rendering issues. The characters' models and the environment appear to be rendered correctly.,None,"The ground truth states a clear issue: the left character is clipping into the wall (a visual glitch). The generated bug report explicitly says there are no visual glitches or rendering issues and everything looks correct. Therefore, the generated report contradicts the ground truth and does not describe the same bug.",False
question___2bccc0ba-f9b2-4f1c-92b9-2a821238d878,qwen/qwen-vl-max,"The image appears to be from a first-person shooter game with a snowy environment. There are no obvious visual glitches such as texture misalignments, clipping issues, or transparency problems. The HUD elements are clear and properly aligned. The environment and objects appear to be rendered correctly.",No Visual Glitches Detected,"The screenshot shows a first-person perspective with a snowy environment and a weapon in the foreground. The HUD elements, including the map, player count, and weapon status, are all clearly visible and properly aligned. The environment and objects, such as the snow and the helicopter in the background, are rendered without any noticeable graphical issues.",None,"The ground truth describes a visual bug where “a gun is floating in the air.” The generated bug report explicitly claims that no visual glitches are detected and that all elements, including the weapon, appear normal. Therefore, it does not mention or acknowledge the floating gun issue and describes the opposite situation.",False
question___06f30afd-547a-48cc-9a3f-98eefc11f347,qwen/qwen-vl-max,"The character's right hand appears to be floating in an unnatural position, which is not typical for a standing pose. This suggests a possible animation or model clipping issue.",Character Hand Positioning Glitch,"The character's right hand is positioned in an unnatural, floating manner, which is inconsistent with a normal standing pose. This visual anomaly could be due to an animation glitch or a model clipping issue. It may affect the immersion and realism of the game environment.",Character,"The ground truth describes a visual glitch specifically on the character’s head and face, involving a dark object clipping out of that area. The generated report instead describes the character’s right hand floating in an unnatural position. These are two different body parts and distinct visual problems, so they do not refer to the same bug.",False
question___7f771e83-c2eb-4575-b0aa-3632fc0584dc,qwen/qwen-vl-max,"The image appears to be from a video game with a character standing in a natural environment. There are no obvious visual glitches such as texture misalignments, clipping issues, or color distortions. The character and environment look properly rendered.",No Visual Glitches Detected,"The character and environment are rendered correctly with no apparent graphical bugs or rendering issues. The textures, lighting, and shadows appear consistent and properly applied.",None,"Ground truth bug: character floating above ground (visual glitch). Generated report claims no visual glitches and no issue. It does not mention or describe the floating person bug, therefore does not match.",False
question___f30767ff-5190-49d9-9118-601ee88d7d2e,qwen/qwen-vl-max,"The image appears to be from a first-person shooter game with a clear view of the environment and characters. There are no obvious visual glitches such as texture misalignments, clipping issues, or transparency problems. The characters and objects are rendered correctly, and the environment looks consistent.",No Visual Glitches Detected,"The screenshot shows a clear and consistent rendering of the game environment, characters, and objects. There are no visible graphical bugs or rendering issues that affect the visual integrity of the scene. The characters are properly positioned, and the environment is rendered without any noticeable errors.",None,"The ground truth reports a specific rendering issue: the central soldier is clipping into the ground. The generated bug report explicitly states that there are no visual glitches, that all characters are properly positioned, and that no issues are present. Thus, the generated report contradicts the ground truth and does not describe the same bug.",False
question___e6f876a3-b021-4976-b51e-b4b5d57d4a82,qwen/qwen-vl-max,"The character appears to be partially embedded in the table, which is an unusual and unintended visual effect. This suggests a collision detection or model clipping issue.",Character Model Clipping Through Environment,"The character model is partially embedded in the table, indicating a collision detection or model clipping issue. This visual glitch may affect the player's ability to interact with the character or the environment and can break immersion.",Character,"Both reports describe the exact same visual issue: a character model is intersecting/clipping with a table (""standing inside the table"" vs. ""partially embedded in the table""). The generated report conveys the same core problem of collision/clipping as the ground truth.",True
question___c385395a-7cb4-4df0-80b6-cff43f00e9ab,qwen/qwen-vl-max,"The character on the right appears to be in an unnatural position relative to the other character, with their face very close to the other character's helmet. This suggests a clipping or collision detection issue where the characters' models are not interacting correctly.",Character Models Clipping During Dialogue,"During a dialogue scene, one character's model is positioned too close to another character, with their face nearly touching the other character's helmet. This creates an unnatural and visually jarring interaction. The issue may affect the immersion and believability of the scene.",Character Models,"Ground truth: characters’ heads clip into each other (overlap of head models). Generated report: describes character models clipping during dialogue, with one character’s face almost inside another’s helmet, highlighting an unnatural visual overlap. Both reports focus on the same core issue: head/character model clipping (overlapping) between two characters.",True
question___fef66676-e81f-407f-907c-1f1ec8c8246b,qwen/qwen-vl-max,"The character's hand appears to be intersecting with the vehicle, which is an indication of a graphical bug. The hand should not be able to pass through solid objects in the game environment.",Character Hand Intersecting with Vehicle,"The character's right hand is visibly intersecting with the vehicle, suggesting a graphical rendering issue. This glitch affects the visual integrity of the scene and may impact the player's immersion and perception of realism in the game.",Character,Ground truth describes legs clipping into car while standing on top. Generated report talks about right hand intersecting with vehicle. Body part and scenario differ; core issue of limb clipping same type but specific manifestation different. Not same bug as described.,False
question___fe5f4c6f-fcc3-47be-91b6-a3648a93c724,qwen/qwen-vl-max,"The image shows a character standing in an office environment. There is a noticeable visual glitch where the character's legs appear to be partially embedded into the floor, which is not a natural or intended visual effect. This suggests a rendering issue where the character model is not correctly positioned relative to the environment.",Character Model Embedded in Floor,"The character's legs are partially embedded into the floor, creating an unnatural and visually jarring effect. This glitch could potentially impact gameplay by affecting the character's movement or interactions with the environment.",Character,"Both descriptions involve visual issues with a character’s legs, but the specifics differ. The ground truth specifies that a single leg is raised and bent, clipping through a desk. The generated report states that both legs are embedded in (clipping through) the floor. The objects involved (desk vs. floor) and the pose (raised/bent vs. partially embedded) are different, indicating they are not describing the same bug instance.",False
question___36f97ecf-c5d0-4c52-a09d-ac6b079404c3,qwen/qwen-vl-max,"The character on the ladder appears to have a visual glitch where the lower part of their body is not properly rendered, showing a red, incomplete mesh. This suggests a rendering issue where the character model is not fully loaded or has been corrupted.",Character Model Rendering Incomplete on Ladder,"The character on the ladder has a visual glitch where the lower part of their body is not properly rendered. The mesh appears incomplete, with a red outline indicating missing or improperly loaded textures. This could affect the player's immersion and potentially impact gameplay if the character's actions are affected.",Character,"Ground truth bug is about mesh clipping through ladder and ledge during climb (interpenetration), while generated report talks about lower body not rendered/missing textures with red outline, suggesting incomplete rendering rather than clipping. No mention of intersection with ladder or environment. Therefore they describe different issues.",False
question___02983e91-c83d-4a83-a670-f07cd7df19db,qwen/qwen-vl-max,"The character appears to be in an unnatural pose, possibly due to an animation glitch. The character's body is positioned in a way that does not align with typical human movement, suggesting a potential issue with the animation or physics system.",Character in unnatural pose,The character is depicted in a pose that does not align with natural human movement. The character's body is positioned in a way that suggests a potential issue with the animation or physics system. This could affect the player's ability to control the character and may impact gameplay.,Character,"Ground truth describes a very specific issue: the character is floating above the ground in a sitting position (implying levitation / lack of ground contact). The generated report only says the character is in an ""unnatural pose"" without specifying floating or being above ground; it could refer to any awkward animation. Because the key symptom of floating is not mentioned, the core issues do not clearly align.",False
question___7e89ddca-b087-44b0-9b64-8c4e47fd3e56,qwen/qwen-vl-max,"The aircraft appears to be rendered correctly with no obvious graphical issues. The environment and UI elements also seem to be displayed accurately. However, the aircraft's shadow on the ground is not aligned with the aircraft itself, which could be a rendering glitch.",Aircraft Shadow Misalignment,The shadow of the aircraft on the ground is not aligned with the aircraft's position. This misalignment is noticeable and can affect the visual immersion of the game. It does not seem to impact gameplay mechanics but could be distracting for players.,Aircraft Shadow,Ground truth bug is about a person clipping through the airplane (physical clipping/collision issue). Generated report is about the aircraft's shadow being misaligned (visual shadow rendering issue). These are entirely different problems with no overlap in symptoms or elements involved.,False
question___98092b09-796d-4956-8dc5-3e33ffe95606,qwen/qwen-vl-max,"The character's face appears to be missing texture or has a graphical error, resulting in a black area where the face should be. This is likely due to a texture loading issue or a rendering bug.",Character Face Texture Missing,"The character's face is not properly rendered, showing a black area instead of facial features. This could affect the immersion and visual consistency of the game.",Character,"Ground truth describes misalignment and clipping between the character’s hand and gun, whereas the generated report talks about a missing face texture resulting in a black area. These are entirely different visual issues with different affected body parts and symptoms.",False
question___69ab4c9c-0cc4-4332-ae29-4aa0cce4a8c9,qwen/qwen-vl-max,"The character in the image appears to be a zombie with a head that is not properly rendered, showing a hole where the head should be. This is likely a graphical bug where the head model has not been loaded or has been rendered incorrectly.",Zombie Character with Missing Head,"The zombie character in the image has a head that is not properly rendered, appearing as a hole with blood splatter. This visual glitch affects the character's appearance and could potentially impact the immersion and realism of the game environment.",Character,Ground truth describes a clipping issue where the zombie intersects with a desk. Generated report describes a rendering issue where the zombie's head is missing (hole with blood). No overlap between desk clipping and missing head. Hence they are different bugs.,False
question___3b3cf9f9-bb24-4c9c-9a1b-50194601fdd0,qwen/qwen-vl-max,"The character's face appears to have a slightly distorted texture, particularly around the mouth and chin area. This could be due to a texture mapping issue or a problem with the character model.",Character Face Texture Distortion,"The character's face exhibits a texture distortion, particularly noticeable around the mouth and chin. This visual glitch may affect the immersion and realism of the character's appearance during dialogue sequences.",Character,"Ground truth bug is about sheets of paper floating in the air – a physics/placement issue. The generated bug report concerns a texture distortion on a character’s face, unrelated to floating paper. The core issues are completely different in nature and context.",False
question___de7a8468-e1f3-44f9-9b21-462b0a281885,qwen/qwen-vl-max,"The character appears to be in a crouched position, but the legs are not visible, which suggests a clipping issue where the character model is intersecting with the environment. This could be a graphical bug where the character's model is not rendering correctly in relation to the environment.",Character Model Clipping with Environment,"The character model is intersecting with the environment, specifically the sink and countertop. The legs of the character are not visible, and the model appears to be partially embedded in the environment. This could affect the player's ability to navigate and interact with the environment properly.",Character,"The ground truth specifies that a person’s legs are clipping into the kitchen sink. The generated report states that the character model is intersecting with the sink and countertop, with the legs not visible and embedded in the environment. Both describe the same core issue: the character’s legs are clipping/intersecting with the kitchen sink area.",True
question___cabc4187-a7f7-4afe-afde-8e9fbdbcf475,qwen/qwen-vl-max,"The image appears to be taken through a sniper scope, focusing on a vehicle. The vehicle's windshield shows a visual distortion, which seems to be a graphical glitch. This distortion is not consistent with the expected visual effects of a sniper scope and may affect the player's ability to accurately target and interact with the vehicle.",Graphical Distortion on Vehicle Windshield,"The windshield of the vehicle in the sniper scope view is displaying a graphical distortion. This distortion appears as an irregular pattern that does not align with the expected visual effects of a sniper scope. This glitch may impair the player's ability to accurately target and interact with the vehicle, potentially affecting gameplay.",Vehicle Windshield,"The ground truth bug is about the car's position in the world (clipping and partially submerged into the ground). The generated report talks about a graphical distortion on the vehicle's windshield visible through a sniper scope. These issues concern different aspects: one is about model placement/collision, the other about a texture or rendering artifact. Therefore they do not describe the same bug.",False
question___4398f2b0-4059-4fd5-9427-403a08e68e5f,qwen/qwen-vl-max,"The image appears to be from a first-person shooter game with multiple characters in a combat scenario. There are no obvious visual glitches such as texture misalignments, clipping issues, or transparency problems. The characters and environment look properly rendered.",No Visual Glitches Detected,The image shows a scene with multiple characters in a combat scenario. All characters and objects appear to be rendered correctly without any visible graphical bugs or rendering issues. The environment and characters are properly aligned and textured.,None,"Ground truth states that a graphical issue exists: a floating hand holding a weapon on the left side. The generated report explicitly claims that no visual glitches or rendering issues are present. Therefore, they do not describe the same bug; the generated report denies the existence of the issue mentioned in the ground truth.",False
question___a40f7687-6d2f-4edf-9925-e3f0f0212059,qwen/qwen-vl-max,"The character appears to be in an unnatural position on the rock, suggesting a clipping issue or an unintended interaction with the environment. The character's posture does not align with typical movement or resting positions.",Character Clipping into Rock,"The character is positioned in a way that suggests they are clipping into the rock. This could be due to a collision detection error or an unintended interaction with the environment. The character's posture is unnatural and does not align with typical movement or resting positions, which could affect the player's ability to navigate or interact with the environment.",Character,"The ground truth states that the character is clipping inside the rock / terrain. The generated report says the character is clipping into a rock, possibly due to collision detection issues, causing an unnatural posture. Both describe the same core issue: the character intersecting the rock geometry (clipping).",True
question___2bf22802-e3e5-491e-8153-d1cf5fdd6dfb,qwen/qwen-vl-max,"The character appears to be sitting on a bench, but the bench itself is not clearly visible. This suggests a potential issue with the bench's rendering or transparency.",Bench Rendering Issue,"The character is sitting on what appears to be a bench, but the bench itself is not clearly visible. This could be due to a rendering issue where the bench is either not rendering properly or is partially transparent. This may affect the player's ability to interact with the bench or understand the environment.",Bench,"Ground truth focuses on character misalignment with the bench: person appears to float and legs clip into bench. The bench exists; issue is with character position. Generated report claims the bench itself is not clearly visible / not rendering or transparent, impacting visibility rather than alignment. No mention of floating or clipping. Therefore they describe different problems.",False
question___8821b512-c3f5-41fc-a3e5-b370b14b0748,qwen/qwen-vl-max,"The character's right hand appears to be intersecting with the gun, which is an unusual and unintended visual effect. This suggests a graphical bug where the hand model is not correctly positioned relative to the gun model.",Character Hand Intersecting with Gun,"The character's right hand is visually intersecting with the gun, creating an unrealistic and jarring appearance. This bug affects the visual integrity of the character model and could potentially impact the player's immersion and interaction with the game.",Character,"Ground truth: gun is floating behind character, implying gun is unattached and holder not rendered. Generated report: hand intersects with gun, gun still in hand but clipping/overlapping. Different visual issues; not the same core bug.",False
question___e01c3392-9525-4039-932a-f39ba19d4999,qwen/qwen-vl-max,"The image appears to be from a video game with a realistic outdoor setting. There are no obvious graphical glitches or rendering issues visible in the scene. The character, horses, and environment all seem to be rendered correctly.",No Visual Glitches Detected,"The scene depicts a character standing near a rock with three horses in the background. The lighting, shadows, and textures all appear to be rendered correctly. There are no visible artifacts, clipping issues, or other graphical anomalies.",None,"The ground truth describes a specific visual bug where a square bale is incorrectly attached to the character’s hand and floats in the air. The generated report, on the other hand, explicitly states that no visual glitches or anomalies are present. It does not mention any bale, attachment issue, or floating object. Therefore, the generated report does not describe the same issue as the ground truth.",False
question___7d987639-6c15-4ef0-a8a9-173657c01e44,qwen/qwen-vl-max,"The image appears to be from a racing game with a crowd scene. There are no obvious graphical glitches such as texture issues, clipping, or transparency problems. However, the crowd characters' animations and positioning might be worth checking for natural movement and interaction.",Crowd Character Animations and Positioning,"The crowd characters in the scene appear to be standing and interacting in a natural manner. However, it is recommended to check the animations and positioning of these characters to ensure they do not exhibit unnatural movements or clipping issues, which could affect the immersion and realism of the scene.",Crowd Characters,Ground truth reports a specific clipping bug: a green-shirted person and two others are visibly intersecting with a car. The generated report says characters look natural but suggests checking for possible clipping; it neither observes nor describes the specific clipping through a car or the green-shirt character. Therefore it does not describe the same bug.,False
question___325f1e08-52bb-4b5c-98d0-f2d3338aa094,qwen/qwen-vl-max,"The character's head appears to be abnormally large and misshapen, which is not consistent with the intended character design. This suggests a graphical bug affecting the character model.",Character Model Distortion,The character named 'LOVECHICKEN' has a head that appears abnormally large and misshapen. This graphical bug affects the character's appearance and may impact the immersion and visual consistency of the game.,Character,"Ground truth bug: LOVECHICKEN character stuck in T-pose with arms outstretched and slight head tilt (animation/stance issue). Generated bug report: describes head size/shape distortion, no mention of T-pose or stance. The two issues concern different visual problems; stance vs. head deformation.",False
question___dc514419-1d5d-4796-afce-837e9dfe7fd1,qwen/qwen-vl-max,"The image appears to be from a historical military-themed video game. The vehicle and soldiers are rendered clearly, but there is a noticeable shadow under the vehicle that does not align with the lighting direction, suggesting a potential rendering issue.",Misaligned Shadow Under Vehicle,"The shadow under the military vehicle does not align with the direction of the light source, which is coming from the top left. This misalignment creates an unrealistic visual effect and can disrupt the immersion of the game environment.",Vehicle Shadow,Ground truth bug is about characters clipping into each other and the vehicle. Generated report talks about incorrect vehicle shadow alignment. No overlap in subject or symptom.,False
question___6230fe66-9a4a-47c4-a346-66e8fdd7a60c,qwen/qwen-vl-max,"The image appears to be from a first-person shooter game. There are no obvious visual glitches or rendering issues in the scene. The character model, environment, and UI elements all appear to be rendered correctly.",No visual glitches detected,"The screenshot shows a first-person perspective with a character model, environment, and UI elements that are all rendered correctly. There are no apparent visual glitches or rendering issues.",None,"The ground truth describes a specific visual issue: the character's weapon and hand clip into a door. The generated report explicitly states that no visual glitches or rendering issues are present. Therefore, it denies the existence of the clipping issue and does not describe the same bug.",False
question___248b3fac-9f83-40e4-85c7-89d7731a4715,qwen/qwen-vl-max,"The image appears to be from a video game with a character riding a horse and another horse standing beside them. The environment looks detailed and realistic, but there are no obvious visual glitches or rendering issues visible in this screenshot.",No apparent visual glitches detected,"The image shows a character on a horse with another horse standing beside them. The environment, characters, and horses are rendered without any noticeable graphical bugs or rendering issues. The scene appears to be consistent with the expected visual quality of the game.",None,"The ground truth describes a clear visual bug: a person’s head is clipping into the body of the brown horse on the right. The generated bug report states that no visual glitches are detected and that everything looks normal. It directly contradicts the presence of any graphical issue, therefore does not reference or describe the clipping bug mentioned in the ground truth.",False
question___b1e6d1df-9694-47ee-8199-d1d6182f59f1,qwen/qwen-vl-max,"The image appears to be from a flight simulation game. There are no obvious visual glitches or rendering issues in the main view of the landscape and aircraft. However, the user interface elements on the right side of the screen are partially cut off, which could be a display issue.",UI Elements Partially Cut Off,"The mission steps and some UI elements on the right side of the screen are partially cut off, making it difficult to read and interact with them. This could affect the player's ability to follow mission instructions and access important information.",UI,"The ground truth describes a visual scene issue involving a person positioned upside-down beneath an airplane. The generated bug report discusses a UI problem where mission steps and other interface elements are partially cut off on the right side of the screen. These refer to entirely different problems: one is about character orientation in a scene, the other about interface layout. No overlap in subject matter, context, or symptoms.",False
question___8c10e1e3-59f3-47e8-b4dd-55120b7559cb,qwen/qwen-vl-max,"The image appears to be from a first-person shooter game with a focus on a sniper rifle. There are no obvious visual glitches such as texture misalignments, clipping issues, or graphical artifacts. The environment and UI elements seem to be rendered correctly.",No Visual Glitches Observed,"The screenshot shows a clear and well-rendered scene with a sniper rifle in the foreground and a map in the background. There are no visible graphical bugs or rendering issues. The environment and UI elements are properly displayed, and there are no signs of texture misalignments or clipping.",None,"Ground truth describes a bug where the player character ends up under the game world. The generated report explicitly states that no graphical or gameplay issues are present and praises correct rendering. It does not mention the player being below the map or any related clipping/collision problem. Therefore, they describe different situations.",False
question___e8c5dfd1-59c9-4c68-8529-80e8292fdde3,qwen/qwen-vl-max,"The character on the left appears to have a visual glitch where the head is abnormally large and misshapen, which is not consistent with the rest of the character model. This could be due to a texture or mesh error.",Character with Abnormally Large and Misshapen Head,"The character on the left in the image has a head that is significantly larger and misshapen compared to the rest of the body. This visual anomaly is likely due to a texture or mesh error, which can disrupt the immersion and realism of the game environment.",Character,"Ground truth bug concerns orientation of a book (upside-down) and hand clipping into the book. Generated report instead talks about an oversized, misshapen head on the character. They reference entirely different visual issues; no mention of book orientation or clipping. Hence they do not describe the same bug.",False
question___db1fa2b8-a5e1-4892-9908-fcdc3a7b65d9,qwen/qwen-vl-max,"The image appears to be from a Western-themed game with two characters riding horses. There are no obvious graphical glitches or rendering issues visible in this screenshot. The characters, horses, and environment look well-rendered and consistent with the game's art style.",No apparent visual glitches detected,"The image shows two characters riding horses in a natural environment. Both characters and horses are rendered correctly, and there are no visible artifacts, clipping issues, or other graphical anomalies. The scene appears to be functioning as intended.",None,"The ground truth describes a severe visual glitch affecting the left horse rider’s torso and hands, with the body twisted 180° and pinched at the waist. The generated report explicitly states that there are ""no visible artifacts"" or graphical anomalies and that the scene is functioning correctly. These statements are directly contradictory; the generated report denies the existence of the glitch detailed in the ground truth.",False
question___70d3444d-0986-454a-a01a-382d88399aed,qwen/qwen-vl-max,"The character's head appears to be abnormally large and misshapen, which is inconsistent with the rest of the body and the environment. This suggests a graphical bug affecting the character model.",Character Model Distortion,"The character's head is significantly enlarged and misshapen, which is not consistent with the rest of the character model or the environment. This visual glitch could impact the player's immersion and potentially affect gameplay mechanics such as collision detection and animations.",Character,"Ground truth focuses on environmental mesh elements (straw hut, background) erroneously projecting/bleeding onto the character’s clothing, describing distortion caused by environment overlap. Generated report describes only the character’s head being enlarged/misshapen, without mentioning any environment parts extending onto the character. The nature and location of the distortion differ, so they are not the same bug.",False
question___f500f5ab-5f07-4fe9-93ec-d13c6e3aac3e,qwen/qwen-vl-max,"The character's right arm appears to be abnormally positioned and partially obscured by the coat, which is not typical for a natural stance. This suggests a graphical bug affecting the character model.",Character Model Glitch - Abnormal Arm Position,"The character's right arm is positioned in an unnatural way, partially obscured by the coat. This visual anomaly could affect the player's immersion and potentially hinder interaction with the environment or other game elements.",Character Model,"Ground truth bug: an entity, probably a horse, is clipping into the ground (i.e., sinking). Generated report: character’s right arm in unnatural position partially hidden by coat. These are different visual issues—ground clipping vs limb position. No overlap in object (horse vs character), manifestation, or location. Therefore they do not describe the same bug.",False
question___4f355b56-86bd-43ce-8186-321126df4ed0,qwen/qwen-vl-max,"The image shows a blue, glowing effect on the floor, which appears to be a visual glitch. This effect is not aligned with any in-game object and does not seem to be part of the environment or a character's ability.",Unaligned Blue Glowing Effect on Floor,"There is a blue, glowing effect on the floor that does not correspond to any in-game object or character ability. This visual anomaly could potentially confuse players and affect their gameplay experience.",Environment,"Ground truth describes a health cabinet model clipping into a wall (object placement/clipping issue). The generated report talks about a blue glowing effect on the floor unrelated to any object. No mention of a health cabinet, clipping, or wall intersection. They describe entirely different visual issues.",False
question___c18522db-baf3-45b7-85eb-fc64b0f110cd,qwen/qwen-vl-max,"The weapon model appears to be floating above the player's head, which is not a typical or intended visual representation. This suggests a misalignment or clipping issue with the model.",Weapon Model Floating Above Player's Head,"The weapon model is incorrectly positioned above the player's head, which is likely due to a misalignment or clipping issue. This visual glitch can be distracting and may affect the player's immersion and gameplay experience.",Weapon Model,Ground truth issue concerns a combat vehicle that is only partially rendered (missing parts). Generated bug report concerns a weapon model that is fully rendered but mis-positioned (floating above player's head). Different objects (vehicle vs weapon) and different visual problems (partial rendering vs positional misalignment). Therefore they do not describe the same bug.,False
question___90bde912-e760-472f-ad66-1fc1cb37936b,qwen/qwen-vl-max,"The character's hand appears to be abnormally large and misshapen, which is inconsistent with the rest of the character model. This suggests a graphical bug affecting the character's hand.",Character Hand Abnormality,"The character's right hand appears to be significantly larger and misshapen compared to the rest of the body. This visual anomaly is likely a graphical glitch and can be distracting to the player, potentially impacting immersion and gameplay experience.",Character Hand,"Ground truth describes two issues: (1) a pumpkin floating in mid-air and (2) the character’s hand clipping into their own body. The generated report only talks about the character’s right hand being oversized/misshapen; it does not mention any floating pumpkin or hand clipping. The nature of the hand problem (size deformation) is also different from clipping. Therefore, the generated report does not match the ground truth bug.",False
question___820d9c67-b19f-4cf9-bab1-52c15bb5d9e0,qwen/qwen-vl-max,"The image appears to be from a first-person shooter game with two characters standing in a room. There are no obvious visual glitches such as texture misalignments, clipping issues, or transparency problems. The lighting and shadows seem consistent with the environment.",No Visual Glitches Detected,"The image shows two characters in a room with no apparent visual bugs. The textures, lighting, and shadows are consistent with the environment. There are no signs of clipping, transparency issues, or texture misalignments.",None,"The ground truth describes a specific shadow rendering issue: part of the character’s shadow (face area) is transparent when it should be opaque. The generated bug report explicitly states that no visual glitches, transparency issues, or other problems are present. Therefore, it does not acknowledge or describe the same issue as the ground truth.",False
question___cbb22354-1581-4429-b896-753e55f2868c,qwen/qwen-vl-max,"The image appears to be from a first-person shooter game with no obvious visual glitches. The environment, character models, and UI elements are rendered correctly. However, the lighting and shadows seem consistent, and there are no apparent texture or model issues.",No Visual Glitches Observed,"The screenshot shows a typical in-game scenario with a player character and a weapon in the foreground. The environment, including the walls and floor, is rendered correctly. The character model and weapon are also displayed without any noticeable graphical errors. The UI elements, such as the score and player information, are clear and legible. There are no visual glitches or rendering issues observed in this image.",None,"The ground truth describes a clear visual bug: a character appears to be sitting in mid-air, implying a missing chair or incorrect animation. The generated report, however, explicitly states that there are no visual glitches or rendering issues. This directly contradicts the ground truth and does not reference a floating character or missing chair at all.",False
question___17fe2ac4-8328-4017-b3fb-b2aba6ae5090,qwen/qwen-vl-max,"The image appears to be from a post-apocalyptic game environment. There are no obvious graphical glitches or rendering issues visible in the scene. The textures, lighting, and shadows seem consistent and well-rendered.",No visual glitches detected,"The scene is well-rendered with no apparent graphical bugs. The environment, vehicles, and characters are displayed correctly with no visual artifacts or anomalies.",None,"Ground truth describes a visual glitch: a character appears to be sitting in mid-air, with nothing underneath. The generated report states the opposite, claiming there are no visual glitches and everything is rendered correctly. Therefore, it does not describe the same bug; they are contradictory.",False
question___58e7e92c-4b30-422e-b41a-c20ae560667c,qwen/qwen-vl-max,"The character appears to be lying down in a natural position, but the lighting and shadows on the character's face and the pillow seem inconsistent with the light coming through the window. This inconsistency suggests a potential rendering issue with the lighting.",Inconsistent Lighting on Character's Face,"The lighting on the character's face and the pillow does not match the light coming through the window. The character's face is well-lit, while the pillow and the surrounding area are in shadow, which creates an unnatural appearance. This could affect the immersion and realism of the scene.",Character,"Ground truth: pillow not rendered/missing, wall visible where pillow & bed should be. Generated: pillow present but lighting mismatch on character face and pillow (shadow vs light). Issues are completely different: one about missing geometry, other about lighting inconsistency. Therefore they do not match.",False
question___c7a1fb7a-410f-44c7-856d-dcafcff8d1e2,qwen/qwen-vl-max,"The image shows a weapon model that appears to be a combination of two different weapons. The front part resembles a submachine gun, while the rear part looks like a rifle. This mismatch suggests a graphical bug where the wrong model parts have been combined.",Weapon Model Mismatch Glitch,The weapon model displayed is a graphical glitch where the front part of a submachine gun is incorrectly combined with the rear part of a rifle. This visual inconsistency can confuse players and affect the immersion and realism of the game.,Weapon model (MP 3008),"The ground truth describes a visual bug where two weapon models overlap/clipping into each other. The generated report talks about a graphical glitch where the front part of a submachine gun is combined with the rear part of a rifle, resulting in an incorrect single weapon model. Both descriptions refer to the same core issue: parts of two different weapons occupying the same space/merging visually. Therefore, they match.",True
